passengerID,firstName,lastName,Number of Flights
2068,Yolande,Pete,32
1677,Katherina,Vasiliki,27
4827,Jaime,Renay,27
3173,Sunshine,Scott,26
8961,Ginny,Clara,26
917,Anisha,Alaine,25
288,Pamila,Mavis,25
5096,Blythe,Hyon,25
760,Vernia,Mui,25
6084,Cole,Sharyl,25
8363,Branda,Kimiko,25
5867,Luise,Raymond,25
2857,Son,Ginette,25
3367,Priscilla,Corie,24
1343,Bennett,Staci,24
1240,Catherine,Missy,24
2441,Kayla,Rufus,24
5668,Gladis,Earlene,24
1598,Amelia,Betsey,23
3405,Johna,Ollie,23
8353,Davis,Williams,23
3093,Theda,Rodrick,23
1673,Jeanie,Gladis,23
2251,Gussie,Temple,23
3590,Isiah,Tyler,23
1337,Kirby,Melvin,23
366,Carman,Meghan,23
281,Sage,Fernanda,23
2717,Shannon,Marlyn,23
613,Palmer,Yuonne,23
5332,Bobette,Laurice,23
211,Lori,Jeremiah,23
4056,Dagmar,Marilee,23
8411,Juliann,Cheryll,23
7643,Albina,Joni,23
9441,Annalisa,Luanna,23
1413,Carlee,Timmy,22
739,Sadye,Rhea,22
3078,Laquita,Kate,22
2437,Charlyn,Wynona,22
5490,Toni,Winnifred,22
350,Annemarie,Nilsa,22
2939,Jaleesa,Clement,22
3180,Yvette,Peter,22
7162,Alfonso,Dinah,22
5423,Sirena,Nigel,22
391,Carolynn,Enola,22
798,Ramiro,Terisa,22
9252,Angella,Margret,22
6447,Brigitte,Jodie,22
1769,Lisha,Delmer,22
258,Emmaline,Marcelle,22
4034,Thalia,Maurice,22
167,Mona,Kassandra,22
4611,Cristi,Eugenia,22
392,Cory,Ebonie,22
1464,Margherita,Arica,21
3112,Madie,Winona,21
848,Marya,Eliana,21
1651,Alex,Annabelle,21
364,Donya,Stephan,21
435,Tiffani,Frances,21
5007,Laticia,Katherine,21
4552,Mayme,Luvenia,21
3332,Kiara,Donnie,21
2516,Tamar,Claretta,21
437,Kelli,Roger,21
2926,Vicky,Patrica,21
4632,Jacklyn,Christia,21
4502,Thea,Yolando,21
9540,Rhoda,Gavin,21
4249,Chi,Valeri,21
4399,Kevin,Nicole,21
6777,Tamara,Terresa,21
398,Mario,Trinh,21
2185,Rae,Chas,21
5416,Chin,Claretta,21
1982,Izetta,Marjorie,21
763,Will,Chanelle,21
5560,Lang,Johnie,21
2254,Angelina,Gracia,21
6060,Delisa,Elisha,21
1581,Marx,Artie,21
905,Terrie,Gisela,21
3309,Ellen,Trang,20
7662,Kayce,Dorethea,20
8590,Young,Kristin,20
888,Bryant,Marcell,20
859,Eilene,Velvet,20
7810,Willie,Glen,20
2734,Otha,Genoveva,20
7832,Wendi,Muoi,20
1029,Donita,Katrina,20
3937,Palmer,Marisela,20
4335,Teresia,Major,20
3021,Ervin,Milda,20
4031,Gaston,Luciano,20
5775,Mozella,Essie,20
2975,Val,Evelynn,20
721,Yun,Cecily,20
